source,title,text
FAQ-6,What constitutes a mortgage?,"A mortgage serves as a financial tool, facilitating the purchase or refinancing of a property. Understanding the various types of mortgage loans through a comprehensive comparison enables one to grasp their distinct advantages and attributes, aiding in preparation for the mortgage application process upon finding a desired property."
FAQ-6,How does a mortgage work?,"Lenders extend mortgage loans to eligible borrowers, who then repay the loan over a specified duration referred to as a ""term."""
FAQ-6,How can I secure a mortgage?,"Mortgages are normally awarded by lenders to candidates based on several qualifying factors, including credit score, debt-to-income ratio, and credit history. Prior to applying for a mortgage, one should monitor and raise their credit score to strengthen their eligibility for one."
FAQ-6,What mortgage options align with my financial capacity?,"Embarking on the journey of homeownership often begins with gauging one's financial capabilities. Utilizing affordability calculators or obtaining prequalification offers insights into estimated monthly payments and the potential borrowing amount, facilitating informed decision-making in the home-buying process."
FAQ-5,What is a mortgage?,A loan to purchase a home. It is a legal agreement whereby a mortgage lender buys your house outright and receives payment from you over a specified period plus interest. Mortgages allow buyers to buy houses even if they don't have all the money available to them at once.
FAQ-5,What are the pro and cons of conventional fixed rate loans?," Pros for conventional loans
 - Available from most lenders 
 - Financing options include primary residences, second/vacation homes, investment/rental properties 
 - Low down payment of 3%

 Cons of conventional loans
 - Requires 620 credit score 
 - Lower threshold for debt-to-income ratio compared to other mortgages
 - PMI takes effect if putting less than 20% down"
FAQ-5,What are the pro and cons of jumbo loans?," Pros of jumbo loans: 
 - Finance pricier homes 
 - Interest rates are competitive and comparable to conforming loans. 
 
 Cons of jumbo loans: 
 - Not accessible with all lenders 
 - Higher credit score (often 700) and down payment (10-20%) required."
FAQ-5,What is the benefit from Federal Housing Administration (FHA) Loan?,A Federal Housing Administration (FHA) loans typically require smaller down payments and help applicants who don’t have credit history or have low credit scores.
FAQ-5,What are the benefits of new construction and lot loans?,A construction and lot loan can provide financing for labor and materials for construction and buying land. It can also be used to access contingency funds.
FAQ-5,How is pre-qualification different from pre-approval?," A pre-qualification is an estimate of your ability to buy a home provided by your mortgage adviser. It is based on your credit score as well as certain other self-reported data. A pre-qual could even show you the maximum amount you qualify for, assisting you in choosing the loan package that best fits your needs. 
 A pre-approval verifies the amount you are formally approved to borrow. Documents pertaining to your income and wealth are put through a thorough review process. After getting preapproved, you can consider buying a house more carefully."
FAQ-5,"Which is better, renting or buying a house?","Yes, most of the time! Renting implies that you will never be able to recoup your money. Acquiring a house signifies a steady progression towards achieving asset ownership. After your loan term expires, you won't be making mortgage payments anymore. Renting guarantees that it will never happen."
FAQ-5,What are the requirements to qualify for a mortgage?," There are three main things to provide for applying for a mortgage loan - credit score, down payment and ensuring meeting debt-to-income ratio.

 A credit score. For each loan option, there is a minimum credit score required to be qualified. Additionally, you might be able to get lower interest rates if your credit score is higher.

 Down Payment. Certain loan programs need a minimum down payment amount.

 Debt-to-income ratio (DTI). When you purchase a home, you will be taking on a large amount of debt, therefore your loans should only represent a part of your income."
FAQ-5,"How do conventional, VA, USDA, and FHA loans differ from one another?"," Conventional: Lower expenses and rates for borrowers who have good credit and contribute a down payment.
  FHA: Due to its lower down payment requirements, is preferred among first-time homebuyers.
 USDA: Programs with no down payment for rural small-town borrowers
 VA: Offers low rates, zero-down options, and no need for private mortgage insurance (PMI) to veterans, active-duty members, and their surviving spouses."
FAQ-5,How can I maintain a healthy credit score?,"Your mortgage expert will provide the most personalized advice, but in the interim, consider these basic principles:

  - Make careful you always pay on schedule.
  - Maintain a credit usage rate of no more than 30%.
  - Maintain open accounts
  - Refrain from creating new accounts."
FAQ-5,Is a 20% down payment necessary to buy a house?,"No! For some financing options, a down payment of 3.5% or even nothing is allowed. A 20% down payment will reduce your monthly payments and the total amount of interest you pay over the length of the loan. "
FAQ-5,How can I figure out how much I can afford?,"In general, mortgage payments for most homeowners should aim to be no more than thirty percent of their gross household income. A mortgage calculator can be used if you require additional help."
FAQ-5,Is a 30-year mortgage preferable to one that is 15 years long?,"The final say goes to you. Although the monthly payments for a 15-year mortgage are somewhat higher than those for a 30-year mortgage, the savings are enormous. With a 30-year mortgage, a family might be able to afford to relocate into a nicer home while still making the monthly payments. You can compare the benefits and drawbacks of each option with their help."
FAQ-5,What is the estimated time to live in a home?,"Most homeowners are recommended to hold onto their home for three to five years prior to selling it. Your home will most likely increase in value throughout this time, and you will have some equity. "
FAQ-5,How can I choose a home that will be a wise financial decision?,"You may make sure that the house you purchase will increase in value by following a few simple measures. Ask your real estate agent for some previous comparable sales in the communities you are considering buying in. You will be able to see how comparable homes' values have increased annually. The location is important. Is the home conveniently located near family-friendly amenities like stores, schools, and supermarkets? Is it a place suitable for families? In the last few years, how many more people have moved into the neighborhood?"
FAQ-5,When is the best time to lock in my interest rate?,"It is impossible to determine the exact moment to lock in the greatest offer because rates vary every day. If you are comfortable paying a monthly payment at that specific rate, you should lock in. A mortgage expert will help by giving you further details. "
FAQ-5,What is the role of a real estate agent?,"In addition to setting up showings and helping you locate houses that fit your criteria, a real estate agent often offers helpful market analysis and works with the seller to negotiate a better price."
FAQ-5,Should I initially see a relator or a mortgage lender?,"First, we suggest getting preapproval from a mortgage lender. You'll feel more comfortable shopping after receiving a mortgage preapproval. You'll know how much you can afford to buy."
FAQ-5,Local or online-only lenders: which is preferable?," While online lenders offer benefits, their timeliness and personalized service cannot compare to that of a knowledgeable local mortgage expert. If your financial situation is more complex, an online lender's can reject you without considering all your possibilities to help you achieve your goal of owning a home. Conversely, with lenders that operate only online, it is possible for borrowers to be approved when they shouldn't be.
 Most buyers agree that finding the right mix of useful technology and in-person support is essential to a smooth closing."
FAQ-5,Explain and give a description of how an escrow account works.,"An escrow is a bond, deed, or other document that is held in trust by a third party and that only becomes active if a predetermined set of conditions are met. In the mortgage business, escrow accounts serve two different functions. After an offer is accepted, an escrow account is used. You put money into an escrow account as a sign of your seriousness about the deal. You will use an escrow account a second time to pay for taxes and insurance after you purchase a home. A portion of your monthly property taxes and annual homeowners’ insurance premium will be deposited into the account. When taxes and insurance are due, your mortgage company will deduct money from the account to cover those costs on your behalf."
FAQ-5,How long does it take for a mortgage to close?,"From loan application to closing, a house purchase typically takes 47 days on average."
FAQ-4,How much should I set aside for fees and closing costs?,"There are other expenses that you may want to budget for, including appraisal, title, and closing costs, among other insurance expenditures. Your budgetary requirements will vary depending on several things. Closing fees and expenditures often amount to 3% to 6% of the total cost of the house. Although it is wise to plan financially, there are ways to ease the strain, such as having the seller assist or adding these expenses into monthly payments."
FAQ-4,What distinguishes a pre-approval from a pre-qualification?,"Although many people confuse them, a pre-qualification and a pre-approval are not the same thing. Pre-qualification is merely an informed guess as to how much you would be allowed to finance a house. The confirmed, official estimate of the loan amount you are accepted for is called a pre-approval. Getting pre-approved before going house hunting is crucial since it will increase your chances of finding the house of your dreams."
FAQ-4,Why is my credit score important in the home-buying process?,One of the key considerations in evaluating your loan eligibility is your credit score. Lenders must ensure that borrowers have a track record of timely loan repayment and that they will return their debts as agreed upon before granting credit. Your credit score provides a reasonable indicator of a borrower's punctual payment history!
FAQ-4,What credit score is required to purchase a property?,Every loan program has different credit score prerequisite for qualifying.
FAQ-2,Fixed or adjustable rates?,"The interest rate on fixed-rate loans is always the same. For an adjustable-rate mortgage (ARM), the interest rate is fixed only for a predetermined period and varies after that based on a market index. A fixed rate can be preferable if you plan to remain in your home for an extended period. An ARM could be a better option if you want to sell your house before the rate changes because ARM beginning rates are often lower than fixed-rate mortgage rates."
FAQ-2,Should I take out an interest only loan?,"Since interest-only loans carry a higher risk, not everyone should apply for them. Prior to the principal payments being due, interest-only loans mandate monthly interest payments for a predetermined number of years. Your house won't increase in value unless you make equity in it. The monthly mortgage payment will increase significantly following the interest-only period to pay off the principle before the loan's term expires. The interest-only option is accessible to qualifying borrowers and isn't offered on all loan packages."
FAQ-2,Should I refinance? ,"  Here are a few justifications for refinancing: 
 - Lower interest rate
 - Monthly payment lowered
 - Change loan term"
FAQ-2,"What does the term ""market value"" mean? ",The anticipated selling price of a home when it is listed for sale.
FAQ-2,What is a comparable sale? ,"A comparable sale is a house sale that is similar to the subject property in terms of size, location, and features. Comparable sales are essential for determining market value."
FAQ-2,What is PMI? ,"Private mortgage insurance (PMI) is a type of insurance meant to protect the lender if the homeowner is unable to pay their mortgage. If you have less than 20% equity in your home, private mortgage insurance, or PMI—is usually required. The mortgage insurance premium for PMI is typically included in the monthly mortgage payment."
FAQ-2,Fixed or adjustable rate?,"The interest rate on fixed-rate loans is always the same. An adjustable-rate mortgage, or ARM, has a fixed interest rate for a predetermined period before changing in line with a market index. A fixed rate can be preferable if you plan to remain in your home for an extended period of time. An adjustable-rate mortgage (ARM) could be a better option if you want to sell your house before the rate changes because ARM beginning rates are often lower than fixed-rate mortgage rates."
FAQ-2,An appraisal: what is it? ,"Produced by a trained, neutral, independent, certified, or licensed professional. Appraisals and valuations provide opinions about the market value of the property that is being used as collateral for the proposed loan."
FAQ-2,Must a home be appraised?,"Almost always, a home appraisal will be necessary. The appraisal is used by a lender to determine the house's estimated market value. Since your home will be used as collateral against the mortgage, lenders want to be sure it is worth at least as much as the loan amount you are requesting."
FAQ-2,Will the appraisal be sent to me?,"When an applicant applies for a first-lien mortgage or a home equity loan, lenders are required to provide all completed appraisals and written valuations. "
FAQ-2,What do points for a mortgage mean?,"Mortgage points, also known as discount points, are one-time expenses paid to lower the interest rate. For each point—or one percent of the loan amount—the interest rate may be cut by one-eighth to one-quarter percent."
FAQ-2,What distinguishes APR from interest rates?,"The APR adds upfront expenses like points and lender fees to the interest rate, whereas the interest rate itself is the rate at which interest accrues on the loan balance."
FAQ-2,Describe pre-paid interest.,Pre-paid interest is the amount paid in advance to cover the per diem interest charges from the loan closure to the end of the month corresponding with the closing. 
FAQ-2,Should closing costs be paid in full up front?,"To reduce your monthly payments, think about paying closing fees up front if you have the money."
FAQ-2,What do closing costs consist of?,"Closing costs can vary based on the type of mortgage and location of the property and include a variety of fees such pre-paid interest, title insurance, attorney fees, and documentation fees."
FAQ-2,What's included in my monthly payment?,"Principal, interest, mortgage insurance (if applicable), and any escrowed sums for real estate taxes and insurance are normally covered by monthly installments."
FAQ-2,Explain PMI.,"If the down payment is less than 20% of the purchase price of the house, PMI, or private mortgage insurance, is typically necessary and is paid for as part of the monthly mortgage payment."
FAQ-2,What is LTV and why is it important?,"LTV, or loan-to-value, is calculated by dividing the total mortgage amount by the fair market value of the property. This determines borrowing eligibility, whether mortgage insurance is required, and affects the interest rate."
FAQ-2,How can I estimate the value of my house?,Recent neighborhood sales and property tax assessments are available through online resources and local tax agencies.
FAQ-2,Is interest on a mortgage tax deductible?,"To find out whether mortgage interest on loans secured by the primary house is tax deductible, speak with a tax professional."
FAQ-2,How does the lender determine eligibility for a loan?,"To establish loan eligibility and, occasionally, interest rates, lenders consider information about the property, debt-to-income ratio, and credit history."
FAQ-2,What determines my interest rate?,"Interest rates are influenced by various factors such as property valuation, credit history, individual qualifications, loan purpose, market conditions, and loan size."
FAQ-2,Is perfect credit required?,"While candidates with past credit troubles may not be automatically disqualified, they may still be eligible if they have a track record of timely debt repayment and a high credit score."
FAQ-2,Describe escrow accounts.,An escrow account collects monthly payments to cover these costs on behalf of the borrower and oversees the timely payment of insurance premiums and real estate taxes.
FAQ-2,Does a person need an escrow account?,"The selected loan program and down payment amount, which are decided upon throughout the loan application process, will determine whether an escrow account is necessary."
FAQ-2,Which costs are paid for through an escrow account?,"Real estate taxes and mandatory insurance premiums are normally covered by an escrow account; other costs, such as homeowner association dues or non-real estate-based taxes, are not."
FAQ-7,"What are the minimum down payment requirements for conventional, FHA, and VA loans?"," - Conventional fixed-rate loans permit down payments as low as 3%, although such a low-down payment necessitates mortgage insurance, consequently raising loan costs and monthly payments. 
 - FHA loans allow down payments as low as 3.5%. While advantageous for their low-down payment, it's essential to consider all associated costs, including upfront and long-term mortgage insurance, along with additional fees.
 - VA loans offer eligible veterans and other borrowers low to no-down-payment options."
FAQ-7,What factors to consider for Adjustable-Rate Mortgage ARM loans?,"For ARM loans, consider factors such as the length of time you plan to stay in your home. The initial ARM rates are usually lower than fixed-rate mortgages. If you plan to stay in your home for a long period of time, a fixed-rate may be better for you. Otherwise, an adjustable-rate might be better, for example, if you plan to sell your home before the rate changes start."
FAQ-7,How can I determine if my mortgage is assumable?,"Assumability varies among mortgages. If you possess an assumable mortgage, you might have the option to modify borrower(s) via an assumption loan, beneficial in scenarios like divorce, legal separation, death, or direct purchase, provided the existing mortgage terms are more favorable than new loan terms."
FAQ-7,What factors influence interest rates?,"Interest rates are influenced by fluctuating financial markets, subject to daily changes based on diverse economic indicators."
FAQ-7,What constitutes an interest rate lock?,"An interest rate lock involves choosing a specific time to secure your mortgage interest rate, a pivotal aspect of the home financing process."
FAQ-7,Define origination charge.,"The origination charge encompasses fees for services related to the initial loan application and processing, excluding discount points. It covers charges for application, processing, underwriting services, and payments from the lender for origination."
FAQ-7,What funds are necessary at closing?,"Closing costs entail your down payment, closing costs, and prepaid escrow amounts for property taxes and insurance, with the final amount communicated before closing."
FAQ-7,Is homeowners’ insurance obligatory at closing?,"Homeowners insurance proof is mandatory before loan closure, typically requiring an insurance binder and payment for a year's coverage."
FAQ-7,Differentiate between mortgage and homeowners’ insurance.,"Mortgage insurance is requisite for borrowers with less than 20% equity, safeguarding lenders from defaults. Homeowners insurance covers damages to property and belongings, along with specified accidents."
FAQ-7,Explain mortgage insurance premium (MIP) and private mortgage insurance (PMI).,"MIP and PMI, two types of mortgage insurance, increase monthly mortgage payments but enable borrowing a larger portion of the home's value, dependent on the loan type."
FAQ-7,How can I identify MIP or PMI?,"FHA loans are linked with MIP, whereas conventional loans that need a down payment of less than 20% are usually accompanied by PMI."
FAQ-7,Define title insurance.,Title insurance safeguards lenders and/or homebuyers from losses resulting from title errors or disputes.
FAQ-7,Is purchasing title insurance mandatory?,"Lenders necessitate lender's coverage equivalent to the loan amount, protecting them until repayment. Borrowers pay the premium at closing, akin to mortgage insurance."
FAQ-3,What exactly is a mortgage?,"A mortgage loan enables you to purchase a house. It's a loan arrangement to purchase a house that you have with a bank, mortgage company, or credit union. As per the agreement, you make payments towards the loan. The lender may seize the property if you don't make your payments on time or if you default on the loan."
FAQ-3,How should I apply for a mortgage?," Decide how much you can afford to put down. The quantity of the down payment influences loan eligibility. Obtain yearly credit reports. Review and make any necessary corrections to your reports.
 Get quotes from different brokers or lenders, then evaluate the expenses and rates. Research and understand details of the borrowing costs."
FAQ-3,How do mortgage brokers operate?," Mortgage brokers help you settle loan terms and negotiate with lenders. When selecting a broker, think about reaching out to a few of them.
 Brokers expedite the loan approval process. It's not a given that they're giving the best deal. Examine the terms of loan offers.
 Lender fees typically include broker costs as well. Inquire about brokers' compensation for comparing and negotiating. "
FAQ-3,Can I work out a better mortgage deal?," - Indeed. Request that lenders or brokers match or exceed the terms offered by another lender. For example, you may
 - Request a waiver of fees, a reduction in rates, or less points from the lender or broker.
 - Verify that no fees are being reduced while increasing another or the rate being decreased while points are being added by the lender or broker."
FAQ-3, Do I select the lowest-rate lender?,Perhaps not. You can come across advertisements or offers with fixed or low prices when purchasing. They are not allowed to reveal the terms of the agreement as required by law. Ads with buzz phrases imply further research.
FAQ-3,How can I select the best deal?," Verify the amount you paid. You want to know your monthly mortgage payment in addition to the interest rate, which affects how much interest you pay each month. These PITI elements are included in the monthly mortgage payment total:
 
  - Interest (paid to lender) 
  - Principal (loan amount) 
  - Taxes
  - Homeowner's coverage
  - PMI is not covered by PITI. If you are required to pay PMI, check your PITI. Mortgage insurance is required for FHA loans and requires both upfront and ongoing costs."
FAQ-3,I'm having credit problems. Will my mortgage cost more?," Sure, but not all the time. If you have credit problems, you should shop around and compare prices. Explain your situation to a lender or broker if you have solid cause to believe that you will repay a loan even though your credit report is not good.
 However, you'll probably pay more, including a higher APR, than borrowers with stronger credit if you can't justify your credit problems or prove that you can make your mortgage payments."
FAQ-3,How can I raise my chances of getting a mortgage?,"Give us the supporting documentation for your application. For example, we like consistent work. If you have years of experience in the same industry but recently shifted jobs, include that on your application. Send a letter outlining any past credit problems you may have had, such as a layoff from work or high medical expenses. If requested, we can review this information."
FAQ-3,What should I do if I sensed bias?,"Fair lending is enforced by law. You cannot be refused a loan, subject to additional fees, or offered worse terms based on your: race, color, religion, national origin, sex, marital status, age, and eligibility for public assistance. "
FAQ-3,Why am I receiving letters and emails from other mortgage providers?,"Credit offers that are ""prescreened"" or ""preapproved"" may arise from your mortgage application. They can be used to shop around and compare loan arrangements."
FAQ-3,Are mail offers trustworthy?,"Verify offers to make sure you know who you're working with, even if these mailers seem to be from the government or your mortgage company. Not every mailing is prescreened. Some dishonest businesses use government symbols to give the impression that their offer is official. If you are concerned, call the government agency that was mentioned in a mailer."
FAQ-3,Things to be aware of during closing?," The signing of the loan agreement documents by you and the lender is referred to as the ""closing"" or ""settlement."" You get the money from the mortgage loan after you sign, and you must pay it back.
 Scammers pose as loan officers or real estate agents in emails they send, requesting last-minute adjustments. They can ask you to transfer the closing charges to a different account. Not advised—it is a scam.
 Notify your lender, broker, or real estate agent at a verifiable phone number or email address if you get such an email. Scammers frequently make difficult-to-refund money requests."
FAQ-1,What are conventional fixed rate loans?,Good credit borrowers prefer conventional loans. They are the most common mortgage kind. The interest rate is fixed for the loan duration and typically requires down payment. They are of two types - conforming or non-confirming depending on whether they comply or don't comply with financial guidelines from Federal Housing Finance Agency (FHFA).
FAQ-1,What is FFHA and FHA?,The Federal Housing Finance Agency (FHFA) sets the loan limits on conforming conventional loans.  Federal Housing Administration (FHA) sets the loan limits on FHA loans based on the geography.
FAQ-1,What are Jumbo loans?,Jumbo loans are appropriate for good-credit borrowers buying expensive homes. Jumbo mortgages exceed FHFA conforming loan restrictions. Jumbo loans often require a large down payment of at least 20%.
FAQ-1,What are Adjustable-Rate Mortgage ARM loans?,"An adjustable-rate mortgage (ARM) has a variable interest rate. The rate fluctuates over the repayment period. For example, a 5/1 ARM, has an initial fixed-rate period of 5 years and a period where the rate adjusts annually."
FAQ-1,Which is better – a conventional fixed rate or an adjustable rate where rate changes?,"On a fixed-rate loan, the interest rate doesn't change over the life of the loan. In an adjustable-rate mortgage (ARM) the interest rate that is fixed for a set number of years and then afterwards introduces some risk as rates can go up or down. The rate change is based on a market index such as the - secured overnight financing rate (SOFR). "
FAQ-1,What is a Federal Housing Administration (FHA) Loan?,"A Federal Housing Administration (FHA) loan is a home mortgage insured by the government and issued by a lender/bank approved by the agency. FHA loans require a lower minimum down payment than many conventional loans, and are suited to applicants with lower credit scores."
FAQ-1,What loan is available for new construction?,"A construction loan can provide short-term financing for costs associated with building a new house. Construction loans may cover the costs of buying land lots, engineering design contracts, getting permits, and labor and materials. "